frame_id,nose_x,nose_y,neck_x,neck_y,left_shoulder_x,left_shoulder_y,right_shoulder_x,right_shoulder_y,left_elbow_x,left_elbow_y,right_elbow_x,right_elbow_y,left_wrist_x,left_wrist_y,right_wrist_x,right_wrist_y,label
0,339.552,183.372,357.243,253.2,519.093,261.965,195.393,244.434,538.991,467.313,41.635,413.719,387.055,463.638,192.695,438.35,Boring
1,322.047,202.391,357.518,256.815,524.249,274.727,190.786,238.902,524.209,493.049,18.689,409.987,364.969,472.953,171.09,450.677,Boring
2,327.709,214.558,348.654,250.737,524.439,261.362,172.87,240.111,522.687,470.281,-6.378,407.33,400.71,496.439,163.013,452.721,Boring
3,322.902,213.853,349.19,248.616,527.09,255.909,171.29,241.323,579.561,496.903,-14.234,412.251,401.397,484.034,156.33,456.725,Boring
4,321.928,231.912,348.305,250.217,530.544,259.551,166.066,240.882,563.397,521.203,-13.426,421.27,381.992,480.26,153.579,458.129,Boring
5,306.847,231.5,340.464,261.998,515.157,280.821,165.771,243.174,512.719,501.493,-12.264,416.955,380.675,482.757,149.144,461.622,Boring
6,315.761,231.713,344.41,248.33,518.778,254.832,170.042,241.828,528.62,465.947,14.937,409.132,381.523,481.395,158.96,464.651,Boring
7,317.271,232.569,339.772,260.748,515.701,272.63,163.842,248.866,527.422,464.625,-8.663,404.2,404.368,479.574,156.953,456.235,Boring
8,302.96,237.245,330.048,253.264,495.853,260.654,164.243,245.874,558.407,480.94,-13.068,407.179,408.28,466.884,162.836,454.224,Boring
9,295.515,238.418,332.338,256.062,489.489,265.327,175.188,246.798,531.369,454.405,9.842,409.963,397.313,458.527,164.171,453.063,Boring
10,340.462,231.057,335.125,234.868,498.727,221.358,171.523,248.377,591.685,344.487,4.338,395.544,504.693,415.798,148.31,439.748,Boring
11,327.561,244.953,321.434,260.013,482.793,265.083,160.075,254.944,530.932,404.711,6.104,406.466,418.791,458.862,151.324,452.517,Boring
12,334.821,242.96,329.814,253.706,482.151,248.498,177.477,258.914,516.688,407.457,2.025,408.814,422.484,451.224,158.025,449.4,Boring
13,318.651,261.671,336.043,253.945,502.578,256.161,169.508,251.729,520.195,432.268,1.026,391.962,406.442,456.848,158.692,447.115,Boring
14,308.21,264.186,330.877,260.867,503.291,270.034,158.462,251.699,519.689,448.622,-18.597,406.658,398.932,454.035,155.671,450.026,Boring
15,311.27,265.631,337.752,242.275,501.641,240.879,173.862,243.672,526.74,418.257,6.435,397.234,404.186,457.412,155.435,447.7,Boring
16,300.567,266.515,340.267,242.709,507.82,243.599,172.714,241.82,517.174,434.867,8.756,405.017,395.839,450.987,159.61,448.651,Boring
17,303.783,281.471,328.018,259.746,495.269,258.431,160.768,261.062,499.351,407.361,25.425,401.13,357.368,416.843,188.917,441.476,Boring
18,327.717,284.145,317.899,252.857,482.296,243.733,153.502,261.98,530.022,384.649,7.723,406.165,376.072,416.702,201.762,440.891,Boring
19,335.932,293.696,294.003,271.219,454.552,264.897,133.454,277.541,478.772,434.97,25.279,415.098,348.673,432.458,237.771,445.579,Boring
22,320.407,326.067,302.417,287.233,431.939,226.658,172.896,347.808,491.558,296.647,80.417,412.264,465.995,378.973,253.635,424.942,Boring
23,302.114,339.697,314.446,272.276,448.126,234.223,180.766,310.328,499.486,341.431,57.511,410.616,446.407,416.088,247.69,422.268,Boring
24,288.37,346.699,300.316,271.77,444.861,236.004,155.77,307.536,482.612,327.288,69.139,404.723,387.235,416.302,261.641,426.811,Boring
25,294.17,346.352,277.036,284.515,425.613,236.71,128.46,332.32,483.444,313.173,51.34,419.942,412.574,407.347,266.136,439.875,Boring
26,275.074,343.155,277.227,282.03,408.279,240.16,146.175,323.901,453.687,343.839,83.764,423.231,383.719,403.257,265.162,435.594,Boring
27,288.471,344.101,289.72,295.713,434.191,244.755,145.248,346.671,477.572,356.58,78.617,439.405,408.85,438.831,283.062,444.051,Boring
28,274.19,337.255,278.149,281.348,404.616,248.606,151.683,314.09,454.831,343.721,69.181,418.405,390.13,411.483,269.689,437.746,Boring
29,316.143,340.063,306.007,266.059,461.872,201.337,150.143,330.782,510.354,233.903,56.849,407.651,490.943,353.997,243.313,431.576,Boring
30,318.485,321.862,288.362,280.197,422.983,222.356,153.741,338.038,461.935,293.736,51.387,428.085,415.787,370.771,254.77,433.732,Boring
31,313.987,334.539,298.123,294.103,455.35,218.471,140.895,369.736,478.186,288.035,48.919,441.325,397.51,371.043,264.431,442.473,Boring
32,316.983,340.814,301.435,297.526,457.722,221.972,145.149,373.08,484.333,272.43,30.76,434.197,431.292,362.55,262.476,435.833,Boring
33,314.911,333.812,291.728,293.727,434.571,215.503,148.885,371.95,473.833,268.678,65.121,423.373,429.955,372.402,300.894,445.389,Boring
34,312.658,343.236,294.84,279.438,444.503,207.161,145.176,351.715,485.867,287.345,63.068,429.168,442.168,378.469,303.093,457.706,Boring
35,309.463,354.526,274.917,275.71,430.962,202.063,118.872,349.357,485.568,269.107,59.829,425.347,412.557,364.897,272.107,431.955,Boring
36,288.865,341.759,269.364,273.822,406.45,229.5,132.279,318.145,489.8,294.572,65.572,418.914,410.995,387.765,266.242,434.627,Boring
37,278.232,353.823,283.704,275.937,436.172,232.738,131.237,319.137,506.952,287.972,58.248,409.681,430.862,394.97,254.166,435.934,Boring
38,296.117,347.778,296.348,277.497,444.52,225.264,148.177,329.731,541.626,304.245,51.234,435.373,416.692,374.537,241.041,432.626,Boring
39,265.682,348.368,271.322,264.474,405.125,220.206,137.519,308.742,504.033,295.677,55.06,418.587,399.787,381.089,242.469,430.991,Boring
40,304.621,352.368,279.878,272.441,430.094,221.479,129.663,323.404,509.87,272.116,42.733,425.812,431.596,371.395,251.814,430.618,Boring
41,296.253,346.427,263.51,265.534,399.48,219.828,127.54,311.241,498.844,271.72,40.426,419.126,420.107,365.321,242.008,436.055,Boring
42,275.743,351.326,250.519,300.845,396.233,252.858,104.804,348.833,513.923,367.507,32.511,451.773,390.121,400.826,252.954,446.865,Boring
43,303.225,352.837,282.793,286.895,433.415,224.664,132.172,349.126,535.871,320.771,30.779,436.798,415.511,386.323,241.618,445.044,Boring
44,300.689,345.373,270.619,283.878,407.772,209.502,133.467,358.254,471.757,272.549,51.853,440.691,421.104,350.702,279.907,442.252,Boring
45,268.094,348.971,270.498,260.142,405.742,210.46,135.253,309.825,506.062,305.273,37.5,423.01,403.521,382.384,238.906,435.22,Boring
46,287.255,350.382,245.376,303.209,396.093,257.788,94.658,348.63,472.952,351.88,93.368,489.844,391.161,403.86,257.243,446.775,Boring
47,303.041,346.178,281.006,290.303,407.999,242.932,154.013,337.674,490.855,315.836,76.654,439.009,392.931,396.728,264.056,443.141,Boring
48,296.295,350.081,283.866,303.496,409.157,274.802,158.576,332.189,463.6,339.712,80.992,422.519,407.514,421.008,279.046,438.958,Boring
49,268.151,337.274,230.12,311.757,354.504,266.479,105.736,357.036,430.237,365.782,107.323,518.633,379.401,403.114,269.706,447.66,Boring
50,290.765,347.162,248.175,307.666,375.729,266.742,120.621,348.591,441.878,347.65,112.637,497.611,371.611,383.723,277.997,449.897,Boring
51,255.547,345.243,266.339,292.438,410.812,263.159,121.865,321.718,506.09,391.075,79.033,482.371,386.476,397.829,256.439,439.358,Boring
52,295.355,358.761,282.394,274.346,425.715,216.98,139.073,331.713,534.973,287.946,60.681,429.416,395.545,383.658,270.952,438.282,Boring
53,300.763,363.383,279.248,307.717,441.395,257.416,117.101,358.018,536.664,372.308,58.533,513.535,415.595,406.536,241.92,468.806,Boring
54,297.773,357.93,294.908,291.191,451.585,235.077,138.23,347.306,544.037,343.129,52.404,456.206,435.888,397.755,267.249,448.338,Boring
55,280.377,355.754,283.858,291.113,432.68,249.03,135.035,333.196,537.769,371.821,93.765,496.917,400.766,391.3,243.593,450.017,Boring
56,290.362,355.176,279.134,336.538,412.448,307.113,145.821,365.963,467.088,386.28,127.75,495.519,388.11,403.736,279.73,470.936,Boring
57,285.387,335.691,270.177,354.382,374.053,332.14,166.302,376.624,394.875,408.657,160.382,490.877,336.689,410.548,288.736,446.654,Boring
58,310.457,354.149,292.013,346.52,424.18,311.779,159.847,381.262,473.232,397.041,141.442,521.085,391.941,403.075,287.309,475.247,Boring
59,293.491,343.167,281.702,315.925,410.523,285.164,152.881,346.686,491.415,358.615,131.884,491.255,414.292,356.395,271.556,450.458,Boring
60,298.057,360.91,279.449,329.247,424.932,290.805,133.967,367.688,482.735,382.777,112.958,509.85,392.57,410.157,266.528,455.617,Boring
61,302.354,339.382,283.515,323.98,421.063,275.968,145.966,371.992,507.175,386.695,105.331,516.539,390.979,410.724,244.569,447.015,Boring
62,316.517,355.569,292.078,308.8,433.046,269.127,151.11,348.474,516.358,385.969,88.109,482.94,399.898,409.086,241.26,444.762,Boring
63,301.199,358.833,295.204,303.088,456.492,263.705,133.916,342.471,540.935,382.5,76.225,471.905,417.056,420.218,246.877,444.91,Boring
64,298.664,357.671,310.499,299.202,469.436,259.754,151.562,338.649,551.213,387.204,65.717,426.663,415.692,412.383,257.883,439.932,Boring
65,299.638,361.414,274.185,326.928,422.741,287.908,125.628,365.948,497.585,373.615,101.622,508.546,394.569,397.526,262.846,449.271,Boring
66,291.453,366.901,262.495,302.905,405.422,250.583,119.568,355.228,524.085,271.026,50.088,432.251,428.709,368.999,261.836,439.551,Boring
67,313.184,360.558,293.245,318.496,431.896,255.292,154.594,381.701,502.674,369.389,104.358,519.922,406.278,382.957,289.552,472.539,Boring
73,325.149,367.648,281.268,332.003,424.288,239.863,138.248,424.142,509.319,298.05,115.628,536.203,424.071,351.899,278.182,479.013,Boring
77,323.991,356.525,282.2,346.819,424.549,256.824,139.85,436.814,492.717,321.512,105.39,561.02,432.825,369.89,271.68,474.001,Boring
78,307.446,366.467,279.881,340.288,406.819,249.807,152.943,430.768,478.31,329.586,144.967,546.096,409.615,385.593,296.033,496.138,Boring
79,307.358,356.58,300.071,316.076,404.117,260.518,196.025,371.634,454.53,324.268,97.134,443.234,403.887,375.578,294.38,464.242,Boring
80,291.718,360.635,296.769,280.594,449.772,230.454,143.765,330.735,517.529,293.17,62.498,413.279,417.605,387.605,273.494,426.96,Boring
81,311.628,353.139,288.47,288.446,442.003,232.069,134.937,344.822,522.544,301.719,53.454,427.101,438.923,388.903,271.021,438.645,Boring
82,310.417,346.688,305.023,281.075,463.661,231.213,146.385,330.937,511.863,308.448,50.257,418.325,431.096,393.187,268.389,428.499,Boring
83,314.204,344.13,296.114,290.825,444.37,230.478,147.858,351.172,499.303,300.29,40.643,430.294,438.001,371.783,271.375,428.62,Boring
84,298.439,348.28,326.244,283.567,475.587,238.212,176.902,328.922,499.81,342.905,80.419,409.21,443.428,407.902,282.006,438.306,Boring
85,316.909,357.442,304.507,281.671,473.166,236.554,135.848,326.787,518.742,279.716,45.234,406.462,459.19,385.238,241.512,430.335,Boring
86,300.866,353.481,313.989,286.419,469.656,247.433,158.322,325.405,531.517,344.86,51.519,419.53,479.431,399.859,262.327,435.138,Boring
87,310.305,351.804,303.264,291.523,469.338,240.885,137.189,342.162,493.195,280.055,28.073,396.323,465.221,399.825,226.572,422.225,Boring
88,308.409,351.658,312.492,283.843,473.244,236.457,151.739,331.229,511.038,285.036,65.244,391.849,459.147,385.911,264.693,424.767,Boring
89,310.96,351.973,318.009,280.101,486.321,242.927,149.698,317.276,527.989,317.7,58.699,395.238,430.508,412.34,245.193,428.372,Boring
90,330.328,341.409,297.325,294.802,456.235,244.524,138.415,345.08,502.232,312.757,34.231,417.654,447.694,393.972,250.278,437.219,Boring
91,328.058,350.699,277.936,297.996,446.999,229.857,108.874,366.134,489.204,286.427,50.35,417.098,446.467,365.855,259.711,433.885,Boring
92,323.31,345.695,284.168,300.357,457.053,231.02,111.283,369.694,520.797,254.083,88.483,415.402,513.185,377.938,280.635,455.819,Boring
93,327.26,343.708,274.427,309.162,442.755,251.842,106.098,366.482,488.288,297.236,92.495,445.759,465.335,372.141,252.178,438.167,Boring
94,316.642,347.921,286.104,300.791,428.881,252.003,143.327,349.58,477.462,345.602,43.038,435.285,411.052,404.237,268.797,440.212,Boring
95,320.37,352.295,286.121,286.426,438.187,216.694,134.055,356.158,475.621,291.334,65.898,433.632,450.934,361.292,271.053,444.374,Boring
96,316.042,347.76,289.532,285.382,437.154,223.426,141.911,347.337,473.584,312.004,50.436,427.165,419.555,371.891,246.201,434.25,Boring
97,318.891,349.335,289.08,319.367,448.859,258.246,129.301,380.487,486.081,304.457,28.61,431.674,449.205,379.834,252.347,436.626,Boring
98,302.036,351.854,282.843,305.426,438.176,250.067,127.511,360.784,478.312,341.892,70.34,441.052,425.063,398.211,282.921,436.129,Boring
99,323.144,342.913,284.346,270.644,449.007,207.156,119.685,334.133,482.733,254.105,50.434,408.02,471.888,362.585,273.404,432.13,Boring
100,330.573,350.998,286.637,317.174,462.436,258.65,110.837,375.697,496.239,277.831,41.631,402.83,452.611,388.647,224.62,443.845,Boring
101,312.399,358.485,289.168,297.837,468.779,239.94,109.558,355.734,512.344,270.268,37.107,396.818,464.517,389.762,210.691,430.102,Boring
102,322.544,356.98,294.466,307.355,469.727,240.09,119.205,374.619,516.994,279.145,54.31,411.325,454.886,389.766,242.197,454.032,Boring
103,326.477,356.902,296.147,308.625,468.505,248.712,123.788,368.537,515.914,297.208,60.707,420.807,476.943,386.059,266.89,441.493,Boring
104,296.967,335.349,305.167,279.653,438.274,248.929,172.061,310.376,483.615,349.337,69.477,412.757,412.583,415.981,251.072,430.672,Boring
105,326.366,350.095,271.718,301.469,440.626,232.295,102.81,370.642,463.14,284.376,44.509,429.312,416.583,369.858,264.215,438.635,Boring
106,315.142,332.939,307.496,274.126,465.494,218.933,149.498,329.319,543.101,288.39,31.256,419.679,490.406,383.329,262.304,438.737,Boring
107,322.595,340.665,295.496,267.896,463.703,213.297,127.289,322.496,517.557,266.303,10.566,410.85,461.631,367.924,249.602,436.253,Boring
108,314.984,306.587,321.441,235.273,473.201,207.209,169.682,263.337,558.124,309.757,36.956,403.542,486.711,356.741,256.127,434.433,Boring
109,319.795,306.589,330.873,240.559,488.145,221.786,173.602,259.332,548.134,349.597,37.793,405.271,444.977,416.091,258.518,437.642,Boring
110,345.776,287.972,294.068,266.482,444.503,229.755,143.633,303.208,535.01,297.238,6.433,420.793,499.697,296.99,237.098,434.991,Boring
111,346.44,277.973,302.516,245.991,448.68,210.108,156.352,281.874,532.597,292.268,30.219,420.677,488.791,311.017,237.532,432.666,Boring
112,311.748,286.887,310.617,269.563,469.975,261.453,151.258,277.674,502.45,369.057,34.73,403.567,396.432,375.219,243.782,435.47,Boring
113,292.67,295.715,309.008,278.336,461.632,290.518,156.384,266.154,483.177,396.046,41.991,393.903,443.862,362.267,243.501,432.621,Boring
114,299.605,289.711,320.772,273.838,480.66,293.989,160.883,253.688,472.946,406.529,49.983,401.147,342.775,381.374,252.041,436.9,Boring
115,308.284,302.757,330.245,269.193,502.835,289.175,157.655,249.211,504.835,445.591,22.745,429.487,373.999,409.924,263.503,436.021,Boring
116,292.414,286.62,326.902,284.758,503.051,315.349,150.754,254.166,451.519,534.162,27.416,429.805,218.895,451.087,259.848,452.047,Boring
117,283.635,300.632,328.259,279.749,503.422,318.069,153.097,241.428,413.941,534.247,13.678,428.418,175.43,440.708,283.204,431.352,Boring
118,273.231,311.524,318.72,292.134,486.58,339.622,150.859,244.645,410.179,545.584,24.233,416.238,157.181,462.844,281.675,429.284,Boring
119,289.946,315.933,332.138,294.191,503.406,348.829,160.87,239.554,395.026,569.875,-3.235,421.12,150.08,468.577,248.075,424.353,Boring
120,297.497,324.152,338.764,281.248,516.124,325.54,161.404,236.956,408.993,537.991,26.986,424.042,181.335,462.229,253.665,419.281,Boring
121,302.122,336.566,337.665,295.497,508.748,345.895,166.582,245.099,425.129,565.393,23.088,421.814,198.243,482.032,249.438,426.32,Boring
122,302.451,332.521,336.437,279.924,511.952,324.207,160.922,235.641,434.789,549.751,25.864,416.097,191.265,472.701,270.288,431.298,Boring
123,314.85,341.094,338.124,278.181,518.287,317.424,157.962,238.937,490.654,493.939,31.399,419.591,237.736,479.57,257.278,417.991,Boring
124,310.78,336.305,343.128,287.702,517.969,331.71,168.287,243.694,455.806,526.048,25.108,417.349,246.577,492.809,241.505,432.787,Boring
125,302.462,334.943,325.887,300.429,491.966,349.594,159.808,251.263,422.529,548.098,16.268,421.01,205.994,485.121,249.339,413.476,Boring
126,301.369,321.879,337.786,287.476,512.223,331.881,163.349,243.071,431.408,543.976,13.865,419.066,215.115,465.556,246.923,431.621,Boring
127,302.318,336.096,344.393,292.343,521.222,334.754,167.565,249.933,455.36,540.435,23.957,421.994,189.927,489.474,279.766,437.119,Boring
128,306.652,345.169,336.099,275.473,505.281,312.922,166.917,238.024,439.835,511.572,21.538,412.241,203.484,478.528,256.538,438.709,Boring
129,301.379,349.314,342.949,290.933,519.028,325.554,166.87,256.312,464.186,524.519,21.07,419.399,244.568,489.737,255.546,443.656,Boring
130,280.89,333.193,343.969,287.393,512.184,321.674,175.755,253.111,427.759,533.625,36.762,418.266,198.664,483.13,263.392,434.151,Boring
131,291.182,339.784,341.13,276.896,518.305,304.929,163.955,248.863,482.821,492.879,36.477,418.994,230.192,485.187,268.978,431.527,Boring
132,305.095,339.791,339.757,295.413,513.925,335.044,165.59,255.781,448.03,535.932,52.606,416.163,199.284,467.482,282.346,442.741,Boring
133,300.356,339.717,310.617,294.812,462.081,329.386,159.154,260.238,420.616,514.301,45.632,417.783,205.319,477.87,260.379,431.213,Boring
134,298.189,337.126,345.982,282.579,515.028,309.247,176.936,255.91,429.904,517.761,29.767,414.755,189.072,468.764,286.178,437.082,Boring
135,302.332,341.913,346.156,286.434,513.741,314.085,178.572,258.783,449.644,521.873,39.535,409.586,214.46,481.385,264.651,432.655,Boring
136,326.887,349.21,329.399,288.176,487.241,309.049,171.558,267.304,531.463,472.499,56.845,411.589,544.646,567.311,260.971,440.989,Boring
137,298.656,346.547,332.523,291.527,501.587,320.034,163.459,263.019,399.965,540.078,35.626,420.686,159.221,434.768,267.878,432.514,Boring
138,286.812,339.176,336.97,290.053,505.37,320.305,168.569,259.801,404.417,551.1,21.728,416.052,152.757,473.399,268.259,432.972,Boring
139,296.587,342.811,339.401,289.987,505.314,324.444,173.489,255.529,421.99,549.716,30.524,420.501,178.639,477.475,258.211,433.336,Boring
140,318.582,325.271,352.975,276.24,534.688,309.309,171.262,243.17,487.567,533.18,40.041,420.253,241.248,463.697,261.623,437.588,Boring
141,307.361,323.822,336.984,283.055,505.573,320.647,168.394,245.463,435.954,534.924,29.872,416.562,198.737,466.506,258.525,433.535,Boring
142,302.708,295.647,352.215,285.369,527.071,328.734,177.358,242.005,454.619,554.289,51.397,409.114,223.822,452.824,260.385,435.516,Boring
143,280.876,287.283,349.0,300.822,518.195,349.066,179.806,252.579,434.59,593.538,57.98,397.277,185.76,462.656,256.751,436.717,Boring
144,300.279,301.29,338.581,287.303,515.562,316.857,161.601,257.75,512.224,541.369,46.144,431.02,263.084,457.088,286.344,477.588,Boring
145,294.501,298.612,336.939,294.927,515.037,332.166,158.841,257.688,488.491,542.857,33.43,431.324,231.521,452.728,298.773,493.952,Boring
146,306.589,293.205,338.505,300.3,515.652,341.351,161.359,259.249,500.872,557.743,40.691,419.902,231.389,460.753,244.267,467.699,Boring
147,320.586,290.187,329.435,308.423,504.999,346.085,153.872,270.762,494.123,558.501,18.096,421.852,211.254,453.152,178.599,456.166,Boring
148,308.253,295.555,339.065,297.931,510.662,331.474,167.468,264.388,484.101,499.613,44.05,424.731,203.059,455.946,269.52,467.205,Boring
149,306.638,281.413,341.175,296.837,506.016,335.713,176.335,257.961,467.167,559.497,27.452,414.219,205.953,454.197,248.772,423.889,Boring
150,324.381,284.078,344.346,274.821,519.326,302.107,169.367,247.535,491.154,479.714,42.066,409.214,253.429,443.738,262.249,441.709,Boring
151,314.075,294.166,340.282,273.26,505.191,302.989,175.373,243.53,475.403,524.606,55.849,412.417,167.089,432.06,274.115,454.863,Boring
152,300.435,300.439,329.423,330.41,479.596,368.444,179.25,292.376,454.941,521.608,60.429,386.669,174.352,419.272,243.59,366.331,Boring
153,305.934,287.579,290.926,322.865,430.108,361.64,151.744,284.089,402.676,519.435,45.545,378.813,160.644,412.841,265.328,365.014,Boring
154,294.84,283.462,289.011,311.462,429.553,349.496,148.469,273.428,401.62,468.568,64.485,370.078,175.671,427.725,258.272,370.157,Boring
155,284.78,282.22,295.173,330.122,431.093,369.857,159.254,290.387,383.704,516.657,48.516,391.441,150.726,403.369,282.409,353.783,Boring
156,272.92,272.301,281.438,328.12,406.731,352.842,156.145,303.398,328.981,493.743,50.545,370.074,152.78,388.027,259.782,319.506,Boring
157,272.64,269.481,303.868,345.156,409.717,369.782,198.018,320.531,336.725,519.238,65.212,383.907,152.326,397.852,242.919,350.588,Boring
158,263.22,271.573,272.594,321.249,402.144,360.0,143.044,282.497,324.583,505.275,37.527,372.544,131.577,395.852,235.524,340.308,Boring
159,273.172,275.85,280.154,338.945,399.111,364.453,161.197,313.437,325.397,513.341,50.405,375.14,142.953,413.501,198.261,345.398,Boring
160,282.694,291.536,278.893,293.897,416.33,304.193,141.457,283.601,381.896,482.663,47.708,420.243,176.811,424.741,253.477,403.941,Boring
161,312.669,273.628,268.009,318.911,381.081,314.51,154.938,323.313,348.225,400.034,49.915,410.114,280.872,361.897,232.577,395.059,Boring
162,305.935,281.419,266.024,315.452,381.909,313.96,150.139,316.943,375.491,425.917,67.43,479.361,253.567,390.63,236.447,403.992,Boring
163,293.632,290.603,259.302,290.646,390.017,287.691,128.586,293.601,374.181,414.777,40.89,418.501,262.631,405.625,217.57,400.251,Boring
164,301.84,282.804,253.335,306.446,384.318,299.768,122.351,313.125,369.838,420.031,43.1,419.234,246.984,398.643,234.443,395.102,Boring
165,280.574,281.677,277.659,327.385,407.613,341.812,147.705,312.957,352.944,485.478,58.67,424.818,183.734,422.231,235.342,416.879,Boring
166,279.608,293.864,280.603,302.558,419.53,311.288,141.676,293.829,406.724,493.843,54.176,440.54,205.375,439.667,237.22,414.184,Boring
167,270.644,292.062,284.132,320.901,418.962,335.084,149.303,306.718,386.172,472.841,66.592,413.802,222.276,416.913,233.708,399.05,Boring
168,299.494,290.3,261.427,317.955,384.424,305.809,138.43,330.102,391.779,402.185,34.994,429.209,317.179,376.315,228.46,409.38,Boring
169,290.095,289.408,266.781,316.511,394.264,322.582,139.298,310.44,365.324,451.262,52.694,426.547,234.642,407.945,243.484,415.745,Boring
170,289.653,293.393,272.584,304.964,399.921,298.359,145.247,311.57,391.899,421.84,42.788,422.566,280.763,397.683,234.002,418.747,Boring
171,278.317,287.28,271.891,301.283,406.375,298.099,137.406,304.466,412.997,409.962,50.15,420.101,306.49,382.473,220.938,405.463,Boring
172,285.824,292.48,285.785,300.155,434.666,291.356,136.904,308.954,407.156,453.65,57.261,431.526,179.618,419.623,248.87,414.151,Boring
173,288.132,294.472,267.675,290.361,399.339,282.177,136.012,298.546,413.608,400.881,45.899,420.917,314.612,388.227,226.542,396.976,Boring
174,290.946,292.382,273.556,266.342,409.187,247.085,137.925,285.6,438.45,367.691,51.847,411.447,358.161,372.529,219.238,403.126,Boring
175,285.146,297.062,285.423,284.265,428.984,279.863,141.861,288.666,436.191,436.577,39.236,410.057,273.396,404.067,216.881,411.945,Boring
176,287.739,294.707,270.492,302.429,401.441,288.162,139.542,316.695,396.101,404.044,46.035,421.602,302.238,378.505,229.292,401.687,Boring
177,293.784,301.309,287.439,270.071,435.341,243.701,139.537,296.442,469.122,365.542,40.571,419.55,393.809,392.641,225.863,401.676,Boring
178,306.808,292.06,250.927,309.932,373.102,294.888,128.752,324.977,410.212,395.647,53.221,431.713,364.443,387.896,234.298,411.113,Boring
179,286.051,306.653,284.525,280.158,437.975,264.485,131.075,295.832,441.372,385.597,43.716,418.439,329.794,375.556,234.214,412.545,Boring
180,293.444,309.91,263.297,288.79,397.535,269.413,129.058,308.168,445.662,374.84,36.906,430.825,368.473,392.311,224.017,407.267,Boring
181,285.824,317.327,270.637,296.614,409.217,285.2,132.058,308.027,412.723,429.314,40.348,429.55,236.65,407.074,227.658,412.345,Boring
182,288.447,307.238,260.666,306.056,401.318,295.878,120.015,316.234,417.93,404.588,54.07,441.683,289.929,379.75,227.888,414.939,Boring
183,278.354,318.13,291.808,276.787,438.094,269.943,145.522,283.63,457.993,396.624,41.626,413.624,326.894,382.305,231.424,414.186,Boring
184,289.165,317.453,281.186,277.257,441.043,255.225,121.329,299.289,441.956,418.055,79.51,466.263,280.637,396.979,238.404,428.684,Boring
185,290.981,312.074,254.043,302.757,383.015,289.48,125.071,316.034,395.2,402.728,43.514,419.382,296.546,395.117,246.656,412.976,Boring
186,287.545,319.297,291.878,270.94,440.435,244.621,143.321,297.259,428.258,414.288,52.114,423.076,270.052,407.948,242.068,403.205,Boring
187,278.425,308.226,278.925,281.973,416.27,278.322,141.58,285.624,460.164,422.177,41.115,419.65,344.31,416.995,217.437,403.319,Boring
188,279.602,328.634,261.924,274.491,391.844,263.544,132.003,285.437,451.5,370.185,32.011,412.695,367.898,397.28,212.612,404.034,Boring
189,266.504,322.429,291.509,278.92,440.317,271.442,142.701,286.398,411.819,468.016,55.702,419.404,209.792,424.2,254.7,405.132,Boring
190,269.86,328.254,260.022,280.43,394.578,274.876,125.466,285.984,436.347,418.863,39.903,419.374,273.157,399.954,208.236,391.279,Boring
191,284.36,328.804,287.406,270.62,432.402,262.423,142.409,278.817,421.496,393.449,60.127,399.403,319.937,393.422,237.472,418.119,Boring
194,298.231,308.622,327.359,269.82,416.514,239.085,238.205,300.556,466.203,292.875,168.138,370.452,482.949,345.282,247.678,371.289,Boring
195,284.744,322.707,327.214,272.214,416.858,229.442,237.571,314.985,480.178,290.92,204.79,379.196,459.831,335.679,265.821,376.321,Boring
196,301.972,307.423,335.532,272.079,420.483,233.425,250.58,310.733,467.322,288.901,210.282,370.781,449.007,345.19,284.578,348.69,Boring
197,301.972,307.423,335.532,272.079,420.483,233.425,250.58,310.733,467.322,288.901,210.282,370.781,449.007,345.19,284.578,348.69,Boring
198,274.203,313.895,304.583,273.793,396.789,240.981,212.377,306.605,430.803,304.784,150.589,366.568,419.412,373.487,226.603,367.031,Boring
199,287.344,323.652,328.718,276.781,414.538,238.494,242.898,315.069,490.455,301.401,208.758,377.827,501.466,363.056,272.043,368.644,Boring
200,287.344,323.652,328.718,276.781,414.538,238.494,242.898,315.069,490.455,301.401,208.758,377.827,501.466,363.056,272.043,368.644,Boring
201,286.997,305.339,334.065,264.265,409.654,236.116,258.476,292.414,473.78,286.294,230.505,359.122,480.982,324.399,288.271,354.643,Boring
202,299.454,292.597,313.99,262.975,390.523,226.816,237.457,299.135,421.977,275.945,187.048,367.983,388.456,309.635,257.959,369.017,Boring
203,307.995,289.012,328.702,257.059,391.672,221.329,265.732,292.789,438.541,243.697,234.65,362.208,428.024,244.909,270.977,357.808,Boring
204,307.995,289.012,328.702,257.059,391.672,221.329,265.732,292.789,438.541,243.697,234.65,362.208,428.024,244.909,270.977,357.808,Boring
205,280.663,314.694,329.388,262.647,429.89,231.849,228.887,293.445,467.074,307.591,187.729,356.948,402.39,363.902,261.783,369.11,Boring
206,282.22,320.061,292.567,264.244,423.782,253.632,161.352,274.856,447.544,347.938,116.807,383.901,384.584,404.761,231.369,407.373,Boring
207,282.22,320.061,292.567,264.244,423.782,253.632,161.352,274.856,447.544,347.938,116.807,383.901,384.584,404.761,231.369,407.373,Boring
208,275.019,306.172,278.27,260.004,392.017,254.262,164.524,265.745,410.546,352.798,118.648,382.411,337.901,377.709,238.75,402.279,Boring
209,282.952,317.338,281.099,269.968,404.267,261.5,157.931,278.436,428.73,350.994,98.495,392.811,351.482,375.56,224.927,402.722,Boring
210,273.749,311.821,274.207,281.357,396.342,285.559,152.073,277.154,407.652,352.415,71.472,372.446,356.496,368.643,216.105,409.867,Boring
211,273.749,311.821,274.207,281.357,396.342,285.559,152.073,277.154,407.652,352.415,71.472,372.446,356.496,368.643,216.105,409.867,Boring
212,276.08,313.224,279.282,269.815,410.975,265.829,147.589,273.801,427.655,342.471,59.469,374.244,368.02,364.628,195.988,393.059,Boring
213,277.127,309.934,285.076,258.566,423.151,241.548,147.001,275.585,430.774,334.36,62.676,377.648,376.228,358.693,212.425,408.055,Boring
214,274.87,313.05,287.773,268.227,428.986,263.015,146.56,273.44,421.258,370.289,63.993,374.975,326.734,379.777,202.968,397.933,Boring
215,274.87,313.05,287.773,268.227,428.986,263.015,146.56,273.44,421.258,370.289,63.993,374.975,326.734,379.777,202.968,397.933,Boring
216,270.767,304.002,261.941,270.265,372.131,276.032,151.75,264.499,375.698,367.53,93.4,377.678,342.479,420.678,211.839,401.474,Boring
217,273.343,311.557,278.079,273.472,398.535,279.207,157.622,267.737,397.108,375.314,98.729,384.833,314.866,397.132,214.821,414.434,Boring
218,273.343,311.557,278.079,273.472,398.535,279.207,157.622,267.737,397.108,375.314,98.729,384.833,314.866,397.132,214.821,414.434,Boring
219,297.079,312.59,319.9,262.282,431.58,235.283,208.22,289.281,467.951,346.991,143.645,368.256,393.664,424.904,235.718,398.062,Boring
220,286.542,317.519,290.078,266.963,423.138,261.19,157.018,272.736,442.179,362.277,103.821,384.748,357.388,414.801,225.866,403.715,Boring
221,282.406,314.788,276.479,272.173,401.154,269.205,151.804,275.141,404.613,358.647,96.313,394.461,333.704,392.33,219.832,399.938,Boring
222,282.406,314.788,276.479,272.173,401.154,269.205,151.804,275.141,404.613,358.647,96.313,394.461,333.704,392.33,219.832,399.938,Boring
223,278.869,313.165,295.57,273.581,400.766,257.134,190.374,290.028,427.501,335.205,125.339,381.573,379.08,373.028,235.331,409.35,Boring
224,277.211,318.24,284.021,278.346,382.964,258.891,185.078,297.802,409.419,333.901,144.525,357.778,408.044,428.005,239.828,399.832,Boring
225,273.843,307.639,285.084,267.685,397.407,263.386,172.76,271.984,417.854,356.049,123.055,377.791,329.285,385.562,235.631,393.189,Boring
226,273.843,307.639,285.084,267.685,397.407,263.386,172.76,271.984,417.854,356.049,123.055,377.791,329.285,385.562,235.631,393.189,Boring
227,293.183,311.568,336.893,262.53,433.161,226.156,240.625,298.904,475.424,280.927,201.73,360.497,432.814,340.678,264.767,375.592,Boring
228,281.893,317.709,293.425,264.231,415.672,253.257,171.177,275.204,435.028,350.387,121.224,378.078,340.639,396.625,215.215,397.475,Boring
229,281.893,317.709,293.425,264.231,415.672,253.257,171.177,275.204,435.028,350.387,121.224,378.078,340.639,396.625,215.215,397.475,Boring
230,282.63,314.276,314.42,261.078,411.597,237.284,217.243,284.871,426.933,323.239,153.638,361.176,344.259,368.228,249.12,384.942,Boring
231,276.694,318.727,316.193,268.907,421.329,243.098,211.057,294.715,453.622,331.095,163.775,356.604,363.976,375.227,242.514,382.769,Boring
232,286.619,316.805,288.743,257.521,421.669,240.916,155.817,274.127,444.809,335.428,116.232,364.974,409.333,392.347,233.267,399.542,Boring
233,286.619,316.805,288.743,257.521,421.669,240.916,155.817,274.127,444.809,335.428,116.232,364.974,409.333,392.347,233.267,399.542,Boring
234,279.3,322.942,302.702,246.25,441.965,217.619,163.438,274.882,513.8,294.894,93.829,358.076,554.056,353.037,234.466,393.099,Boring
235,279.855,326.346,308.801,269.391,416.418,241.525,201.185,297.257,483.035,314.807,142.262,373.547,499.366,367.19,233.337,390.225,Boring
236,279.855,326.346,308.801,269.391,416.418,241.525,201.185,297.257,483.035,314.807,142.262,373.547,499.366,367.19,233.337,390.225,Boring
237,277.754,317.436,312.53,264.632,414.81,239.112,210.251,290.151,443.07,316.643,156.893,353.857,376.081,365.31,234.311,376.121,Boring
238,277.695,320.334,312.767,270.455,412.501,239.872,213.033,301.039,461.682,326.562,172.634,373.216,438.897,378.745,259.927,378.486,Boring
239,274.4,320.789,312.895,270.142,413.873,236.942,211.916,303.341,463.171,332.148,179.013,378.657,406.893,385.283,255.741,388.56,Boring
240,274.4,320.789,312.895,270.142,413.873,236.942,211.916,303.341,463.171,332.148,179.013,378.657,406.893,385.283,255.741,388.56,Boring
241,260.321,318.851,289.616,254.855,400.0,233.84,179.232,275.869,454.795,311.364,145.604,377.009,447.666,366.624,241.199,383.971,Boring
242,292.209,325.679,296.176,256.298,433.186,237.401,159.166,275.195,453.08,343.943,118.466,375.201,404.667,416.824,236.914,405.52,Boring
243,292.209,325.679,296.176,256.298,433.186,237.401,159.166,275.195,453.08,343.943,118.466,375.201,404.667,416.824,236.914,405.52,Boring
244,280.574,321.043,293.971,255.208,439.077,248.008,148.865,262.408,428.251,384.139,54.938,386.895,338.135,398.505,216.3,403.164,Boring
245,281.015,326.093,291.219,267.596,434.865,276.663,147.573,258.53,437.425,445.339,31.483,407.69,242.932,443.421,208.918,398.254,Boring
246,273.116,317.3,302.848,263.374,455.876,261.85,149.82,264.898,427.072,433.432,33.791,383.926,248.388,422.242,203.191,388.928,Boring
247,273.116,317.3,302.848,263.374,455.876,261.85,149.82,264.898,427.072,433.432,33.791,383.926,248.388,422.242,203.191,388.928,Boring
248,284.604,327.464,304.28,267.495,448.474,257.931,160.087,277.059,453.693,365.665,43.864,373.499,380.958,402.512,194.303,401.175,Boring
249,278.622,317.602,301.328,267.198,449.254,260.539,153.402,273.858,438.603,381.561,50.088,378.382,349.364,388.072,210.064,407.251,Boring
250,288.37,321.95,291.488,270.968,432.059,274.932,150.918,267.004,438.9,407.803,34.035,388.874,346.294,388.109,203.594,400.644,Boring
251,288.37,321.95,291.488,270.968,432.059,274.932,150.918,267.004,438.9,407.803,34.035,388.874,346.294,388.109,203.594,400.644,Boring
252,282.708,320.983,285.222,283.121,424.305,289.625,146.139,276.617,424.843,392.301,45.561,381.022,325.848,397.479,215.066,407.005,Boring
253,282.77,329.999,295.616,276.897,437.776,276.689,153.457,277.104,470.257,356.363,43.364,382.103,452.233,383.542,213.57,397.109,Boring
254,282.77,329.999,295.616,276.897,437.776,276.689,153.457,277.104,470.257,356.363,43.364,382.103,452.233,383.542,213.57,397.109,Boring
255,286.917,316.235,278.389,271.731,412.942,265.912,143.835,277.551,441.571,374.517,43.639,380.395,372.433,380.167,214.375,398.716,Boring
256,282.516,315.248,291.602,269.136,432.964,262.907,150.239,275.365,450.048,346.394,55.127,368.8,402.454,378.352,212.233,395.457,Boring
257,276.911,319.713,288.558,277.509,427.623,277.886,149.493,277.131,435.295,385.382,51.47,373.58,346.351,399.285,213.168,399.454,Boring
258,276.911,319.713,288.558,277.509,427.623,277.886,149.493,277.131,435.295,385.382,51.47,373.58,346.351,399.285,213.168,399.454,Boring
259,277.396,319.158,301.391,260.566,450.107,246.065,152.674,275.067,451.589,365.334,53.125,379.665,394.988,393.318,215.818,394.195,Boring
260,279.517,327.336,296.73,271.129,446.857,261.475,146.602,280.784,444.176,377.997,42.29,381.184,366.854,392.35,199.829,399.775,Boring
261,276.747,323.197,288.972,269.776,431.195,266.844,146.748,272.708,412.199,402.083,44.268,384.488,288.893,404.534,210.014,403.783,Boring
262,276.747,323.197,288.972,269.776,431.195,266.844,146.748,272.708,412.199,402.083,44.268,384.488,288.893,404.534,210.014,403.783,Boring
263,290.504,328.904,286.813,274.513,424.181,265.224,149.444,283.801,458.18,341.922,67.423,370.009,425.851,391.701,231.893,401.688,Boring
264,284.902,326.287,268.201,282.293,400.456,273.318,135.946,291.268,439.77,331.481,50.109,394.381,412.533,351.366,201.877,397.706,Boring
265,284.902,326.287,268.201,282.293,400.456,273.318,135.946,291.268,439.77,331.481,50.109,394.381,412.533,351.366,201.877,397.706,Boring
266,261.328,324.065,260.307,287.515,394.225,269.075,126.389,305.955,438.029,353.854,46.705,419.043,389.648,360.239,204.387,409.147,Boring
267,265.446,328.625,244.24,300.392,380.187,290.867,108.294,309.918,428.337,376.711,25.921,407.982,361.844,381.041,182.689,393.902,Boring
268,266.189,312.223,247.452,312.603,382.35,289.708,112.554,335.498,445.604,367.456,32.685,415.397,376.138,386.438,194.419,399.376,Boring
269,266.189,312.223,247.452,312.603,382.35,289.708,112.554,335.498,445.604,367.456,32.685,415.397,376.138,386.438,194.419,399.376,Boring
270,256.751,305.561,237.706,306.39,370.343,288.136,105.07,324.643,452.358,367.331,32.821,411.489,369.835,376.239,195.892,403.036,Boring
271,259.655,314.915,237.573,314.741,362.916,287.336,112.23,342.145,432.986,368.81,33.875,413.491,360.55,378.042,196.826,413.964,Boring
272,259.655,314.915,237.573,314.741,362.916,287.336,112.23,342.145,432.986,368.81,33.875,413.491,360.55,378.042,196.826,413.964,Boring
273,258.872,318.722,247.808,289.187,380.102,261.751,115.513,316.624,451.881,345.962,33.89,407.466,369.602,355.607,201.05,408.463,Boring
274,262.243,315.045,262.353,287.887,377.811,247.91,146.895,327.865,445.576,304.215,43.873,395.517,395.233,331.943,227.437,407.108,Boring
275,272.489,313.216,264.526,282.442,373.603,246.53,155.449,318.353,432.584,332.338,45.5,403.023,396.005,378.652,231.09,403.422,Boring
276,272.489,313.216,264.526,282.442,373.603,246.53,155.449,318.353,432.584,332.338,45.5,403.023,396.005,378.652,231.09,403.422,Boring
277,264.763,316.568,261.21,295.424,376.271,258.165,146.15,332.683,428.314,339.024,36.907,405.95,385.107,362.041,221.965,416.115,Boring
278,254.672,316.871,248.705,307.312,373.798,282.088,123.612,332.535,426.971,382.11,34.126,419.428,330.53,368.629,206.175,412.398,Boring
279,256.227,310.662,251.49,302.382,375.373,270.371,127.608,334.393,428.897,356.015,50.801,423.263,368.511,359.619,202.223,407.422,Boring
280,256.227,310.662,251.49,302.382,375.373,270.371,127.608,334.393,428.897,356.015,50.801,423.263,368.511,359.619,202.223,407.422,Boring
281,249.148,311.84,242.742,306.525,368.025,275.642,117.46,337.408,439.502,354.945,24.864,417.668,369.412,361.285,177.762,416.795,Boring
282,248.073,320.764,229.247,318.418,354.153,291.465,104.342,345.371,415.633,377.241,33.325,429.277,340.125,376.578,196.874,416.063,Boring
283,248.073,320.764,229.247,318.418,354.153,291.465,104.342,345.371,415.633,377.241,33.325,429.277,340.125,376.578,196.874,416.063,Boring
284,257.419,323.258,256.662,303.438,374.449,271.764,138.876,335.113,421.612,336.656,49.417,412.19,355.214,356.043,197.3,409.621,Boring
285,261.132,317.92,267.527,296.079,393.874,266.906,141.179,325.253,436.037,331.583,67.892,401.37,368.15,351.513,221.84,410.564,Boring
286,252.151,323.33,250.858,297.177,373.081,264.189,128.635,330.166,436.977,325.767,56.246,416.057,375.995,343.401,195.764,409.516,Boring
287,252.151,323.33,250.858,297.177,373.081,264.189,128.635,330.166,436.977,325.767,56.246,416.057,375.995,343.401,195.764,409.516,Boring
288,265.59,321.019,274.316,290.485,401.334,251.757,147.298,329.212,442.827,308.886,80.517,396.944,398.427,368.496,231.998,414.328,Boring
289,263.715,311.342,266.007,298.772,390.696,265.949,141.318,331.596,431.964,342.057,87.88,441.068,361.089,360.199,224.724,411.176,Boring
290,263.715,311.342,266.007,298.772,390.696,265.949,141.318,331.596,431.964,342.057,87.88,441.068,361.089,360.199,224.724,411.176,Boring
291,258.936,309.898,265.218,298.228,388.508,265.135,141.928,331.32,431.126,325.948,93.294,436.42,364.051,339.373,222.742,411.925,Boring
292,267.611,324.247,276.348,280.874,407.571,237.65,145.124,324.098,467.562,342.992,48.633,406.605,398.307,352.639,214.763,402.959,Boring
295,258.42,312.905,250.366,283.085,367.251,253.918,133.48,312.252,431.538,327.457,40.413,395.888,369.531,350.492,191.978,400.543,Boring
296,262.816,321.578,245.758,302.573,364.228,278.149,127.288,326.996,427.504,325.942,33.744,388.397,377.526,349.661,188.807,408.024,Boring
297,270.326,321.457,275.17,283.482,392.094,237.718,158.246,329.245,491.776,267.653,119.365,412.046,563.869,312.641,243.931,406.32,Boring
298,270.326,321.457,275.17,283.482,392.094,237.718,158.246,329.245,491.776,267.653,119.365,412.046,563.869,312.641,243.931,406.32,Boring
299,269.699,318.53,246.521,301.499,364.981,266.254,128.061,336.744,441.974,339.265,72.64,469.719,405.701,350.748,202.045,383.632,Boring
300,257.365,332.638,248.236,303.38,368.248,268.384,128.223,338.376,445.846,339.259,38.331,418.428,400.27,342.485,201.197,407.437,Boring
301,257.365,332.638,248.236,303.38,368.248,268.384,128.223,338.376,445.846,339.259,38.331,418.428,400.27,342.485,201.197,407.437,Boring
302,274.142,336.146,247.134,327.178,352.544,295.406,141.724,358.951,384.167,353.254,87.246,460.602,335.921,365.797,206.871,426.2,Boring
303,258.626,337.678,265.027,309.896,373.052,274.81,157.002,344.983,408.726,347.176,99.869,447.154,359.943,377.988,228.885,427.978,Boring
304,265.195,339.228,269.882,311.007,388.008,283.335,151.757,338.679,416.425,360.974,61.284,408.775,341.975,389.962,212.186,420.997,Boring
305,265.195,339.228,269.882,311.007,388.008,283.335,151.757,338.679,416.425,360.974,61.284,408.775,341.975,389.962,212.186,420.997,Boring
306,261.39,334.196,267.858,313.878,382.302,287.011,153.415,340.745,420.527,350.189,52.656,414.064,405.075,382.509,205.818,425.918,Boring
307,256.043,335.174,214.802,330.333,324.081,301.854,105.523,358.813,366.874,358.603,76.55,474.939,334.271,373.588,212.61,429.643,Boring
308,256.043,335.174,214.802,330.333,324.081,301.854,105.523,358.813,366.874,358.603,76.55,474.939,334.271,373.588,212.61,429.643,Boring
309,263.959,340.766,272.638,301.23,398.664,254.611,146.612,347.848,440.968,285.94,62.138,403.188,400.313,357.729,207.113,429.574,Boring
310,268.287,326.967,274.889,303.913,383.367,266.692,166.412,341.134,433.439,312.23,111.484,416.87,417.737,351.193,213.326,403.788,Boring
311,273.117,328.191,268.723,314.421,382.993,279.181,154.454,349.66,414.773,355.294,100.865,439.308,339.664,388.889,215.346,433.861,Boring
312,273.117,328.191,268.723,314.421,382.993,279.181,154.454,349.66,414.773,355.294,100.865,439.308,339.664,388.889,215.346,433.861,Boring
313,263.504,334.648,262.834,320.5,381.584,272.247,144.085,368.754,412.489,341.488,98.517,452.8,338.531,385.402,219.736,430.39,Boring
314,265.925,328.146,251.036,309.343,364.038,262.941,138.035,355.744,416.177,306.499,92.939,450.453,372.085,347.359,234.434,424.062,Boring
315,261.193,333.731,279.063,299.306,385.774,262.379,172.351,336.232,440.661,317.47,122.978,409.848,430.079,345.622,215.105,415.84,Boring
316,261.193,333.731,279.063,299.306,385.774,262.379,172.351,336.232,440.661,317.47,122.978,409.848,430.079,345.622,215.105,415.84,Boring
317,269.72,328.594,268.622,287.053,390.266,250.205,146.978,323.9,437.353,312.564,46.572,396.941,370.175,361.787,221.954,413.199,Boring
318,272.839,324.952,228.354,311.48,337.588,280.724,119.119,342.236,382.187,318.178,45.241,415.248,355.305,361.636,208.791,414.677,Boring
319,272.839,324.952,228.354,311.48,337.588,280.724,119.119,342.236,382.187,318.178,45.241,415.248,355.305,361.636,208.791,414.677,Boring
320,276.036,330.159,236.826,305.071,364.894,264.387,108.759,345.755,393.584,320.487,63.52,420.653,324.278,362.695,234.913,419.328,Boring
321,268.742,330.124,266.721,296.822,384.805,260.038,148.637,333.605,443.956,328.174,60.237,411.16,354.901,364.544,235.816,416.087,Boring
322,277.869,319.607,274.968,279.214,384.355,237.194,165.581,321.234,452.691,305.413,99.339,421.827,454.108,359.638,241.494,411.85,Boring
323,277.869,319.607,274.968,279.214,384.355,237.194,165.581,321.234,452.691,305.413,99.339,421.827,454.108,359.638,241.494,411.85,Boring
324,279.31,322.913,260.26,292.687,368.777,259.161,151.742,326.212,425.109,318.22,47.024,400.778,384.897,351.246,230.123,409.61,Boring
325,269.233,321.444,254.158,302.074,368.282,267.563,140.033,336.586,424.56,325.391,46.588,402.08,370.282,335.821,219.065,409.114,Boring
326,276.156,329.085,269.258,300.326,384.433,267.552,154.084,333.101,416.835,332.21,70.777,411.465,349.391,372.991,229.031,423.067,Boring
327,276.156,329.085,269.258,300.326,384.433,267.552,154.084,333.101,416.835,332.21,70.777,411.465,349.391,372.991,229.031,423.067,Boring
328,271.928,320.886,251.145,286.017,369.348,247.417,132.942,324.617,443.779,307.885,38.109,406.656,390.349,347.195,216.281,417.523,Boring
329,273.755,333.863,254.986,300.459,375.015,268.917,134.956,332.001,437.023,347.664,36.712,407.698,364.179,362.026,212.876,415.547,Boring
330,273.755,333.863,254.986,300.459,375.015,268.917,134.956,332.001,437.023,347.664,36.712,407.698,364.179,362.026,212.876,415.547,Boring
331,276.681,329.295,220.012,286.781,342.91,238.535,97.113,335.026,427.629,287.907,43.463,411.396,396.71,340.649,218.267,419.627,Boring
332,274.02,315.451,245.091,275.222,347.264,242.298,142.918,308.145,420.502,274.65,43.282,397.885,408.794,334.337,214.894,416.492,Boring
333,274.649,324.585,268.154,274.218,387.27,235.921,149.038,312.516,457.411,306.523,43.311,403.361,393.263,352.155,221.912,423.176,Boring
334,274.649,324.585,268.154,274.218,387.27,235.921,149.038,312.516,457.411,306.523,43.311,403.361,393.263,352.155,221.912,423.176,Boring
335,275.874,325.134,249.284,280.235,359.792,245.684,138.775,314.787,419.5,303.109,51.804,400.394,370.486,352.851,219.617,416.562,Boring
336,272.856,329.398,222.708,286.167,344.874,240.564,100.541,331.769,424.02,306.131,48.776,421.672,376.022,347.287,228.324,413.942,Boring
337,272.738,324.01,267.307,296.125,371.458,270.435,163.155,321.816,408.284,353.035,92.651,425.577,359.876,390.928,225.395,423.163,Boring
338,272.738,324.01,267.307,296.125,371.458,270.435,163.155,321.816,408.284,353.035,92.651,425.577,359.876,390.928,225.395,423.163,Boring
339,271.382,334.343,220.21,295.821,340.332,248.386,100.089,343.256,425.936,236.713,26.734,407.924,460.834,315.659,198.296,424.009,Boring
340,276.3,328.693,264.152,302.87,372.894,271.249,155.411,334.49,408.254,343.641,100.987,428.871,342.688,378.115,232.435,419.269,Boring
341,276.3,328.693,264.152,302.87,372.894,271.249,155.411,334.49,408.254,343.641,100.987,428.871,342.688,378.115,232.435,419.269,Boring
342,271.627,319.451,283.196,292.825,391.851,262.311,174.541,323.34,423.943,350.527,122.005,414.979,369.775,390.67,228.453,409.991,Boring
343,274.296,331.337,260.164,306.627,377.874,263.116,142.454,350.139,421.735,317.382,82.684,445.421,401.933,357.043,226.626,420.802,Boring
344,275.434,336.431,247.294,280.071,365.355,231.868,129.232,328.273,458.811,265.723,38.725,422.124,439.049,327.939,229.703,425.391,Boring
345,275.434,336.431,247.294,280.071,365.355,231.868,129.232,328.273,458.811,265.723,38.725,422.124,439.049,327.939,229.703,425.391,Boring
346,277.959,322.95,254.825,296.94,362.787,256.984,146.863,336.896,418.421,316.386,78.928,454.329,406.188,362.095,231.255,432.581,Boring
347,263.175,313.554,200.627,346.706,299.938,311.247,101.316,382.166,342.4,363.424,98.691,493.652,321.844,379.644,236.007,428.145,Boring
348,281.383,332.429,257.634,285.136,380.873,246.397,134.396,323.876,431.301,281.467,31.173,402.879,404.836,349.767,215.1,415.221,Boring
349,281.383,332.429,257.634,285.136,380.873,246.397,134.396,323.876,431.301,281.467,31.173,402.879,404.836,349.767,215.1,415.221,Boring
350,274.993,324.467,261.255,315.605,362.928,293.83,159.581,337.381,396.126,356.705,103.61,431.919,346.792,378.902,239.407,416.442,Boring
351,273.602,313.538,249.653,303.817,342.72,259.266,156.585,348.368,439.487,260.895,113.337,430.184,506.736,318.776,227.019,424.055,Boring
352,277.67,332.299,260.925,320.246,385.289,273.815,136.561,366.677,435.539,307.247,92.792,442.188,403.808,355.297,227.243,434.946,Boring
353,277.67,332.299,260.925,320.246,385.289,273.815,136.561,366.677,435.539,307.247,92.792,442.188,403.808,355.297,227.243,434.946,Boring
354,262.322,343.305,290.358,298.014,399.781,263.166,180.936,332.862,460.193,327.282,101.339,397.746,443.556,368.637,196.508,434.536,Boring
355,259.811,336.82,251.937,317.086,368.27,277.931,135.605,356.241,415.953,293.732,62.87,430.538,411.997,356.515,210.735,428.604,Boring
356,270.939,331.434,259.912,278.009,381.989,232.54,137.836,323.478,451.285,263.389,55.289,395.746,426.677,350.743,230.961,422.637,Boring
357,270.939,331.434,259.912,278.009,381.989,232.54,137.836,323.478,451.285,263.389,55.289,395.746,426.677,350.743,230.961,422.637,Boring
358,268.516,327.906,285.096,307.862,388.815,281.05,181.376,334.673,437.479,345.797,66.162,409.51,425.79,381.766,210.539,423.774,Boring
359,266.759,334.645,301.61,297.922,405.038,262.027,198.181,333.818,487.993,330.639,151.544,408.522,489.937,376.353,219.544,421.762,Boring
360,251.058,347.027,298.385,294.258,396.337,249.023,200.434,339.493,492.374,287.639,176.333,400.822,493.001,341.129,238.413,421.539,Boring
361,251.058,347.027,298.385,294.258,396.337,249.023,200.434,339.493,492.374,287.639,176.333,400.822,493.001,341.129,238.413,421.539,Boring
362,269.703,322.029,274.057,282.735,377.412,261.555,170.702,303.914,406.477,344.088,83.572,406.902,357.557,388.418,220.292,417.872,Boring
363,271.462,319.315,245.24,291.055,336.654,266.186,153.827,315.924,387.137,322.616,74.388,423.929,361.053,359.828,231.017,416.301,Boring
364,271.462,319.315,245.24,291.055,336.654,266.186,153.827,315.924,387.137,322.616,74.388,423.929,361.053,359.828,231.017,416.301,Boring
365,265.139,335.957,280.162,306.717,389.562,279.698,170.762,333.735,417.082,369.008,118.418,420.763,335.633,398.096,225.605,419.857,Boring
366,262.935,336.766,272.619,304.484,371.652,269.312,173.585,339.657,416.948,322.514,122.59,423.17,408.921,359.717,229.526,415.493,Boring
367,275.729,326.23,290.471,277.254,391.289,228.167,189.654,326.342,477.577,231.243,149.303,395.372,493.231,293.235,227.884,394.825,Boring
368,275.729,326.23,290.471,277.254,391.289,228.167,189.654,326.342,477.577,231.243,149.303,395.372,493.231,293.235,227.884,394.825,Boring
369,253.253,340.095,292.691,281.82,394.542,230.616,190.84,333.024,494.967,256.014,147.222,401.102,490.327,311.514,227.55,397.627,Boring
370,281.487,338.43,278.504,284.785,401.551,227.51,155.456,342.06,490.302,227.117,112.041,390.39,532.687,313.238,231.684,411.132,Boring
371,281.487,338.43,278.504,284.785,401.551,227.51,155.456,342.06,490.302,227.117,112.041,390.39,532.687,313.238,231.684,411.132,Boring
372,260.506,331.657,275.926,283.142,383.004,232.805,168.848,333.479,489.652,255.352,143.106,402.497,534.789,315.687,238.497,401.758,Boring
373,255.321,326.919,285.991,296.802,382.561,274.168,189.422,319.435,413.5,372.807,147.333,404.585,324.638,408.321,227.524,419.13,Boring
374,262.917,331.354,296.665,282.462,390.606,234.335,202.724,330.588,463.941,287.621,145.623,402.889,477.934,342.168,234.52,408.829,Boring
375,262.917,331.354,296.665,282.462,390.606,234.335,202.724,330.588,463.941,287.621,145.623,402.889,477.934,342.168,234.52,408.829,Boring
376,277.223,330.437,276.935,282.162,384.17,227.558,169.7,336.765,491.095,203.579,137.811,408.658,522.784,285.081,239.214,406.762,Boring
377,261.466,337.484,291.71,291.127,395.329,236.483,188.09,345.77,493.792,271.894,148.415,417.073,510.026,326.535,218.232,400.962,Boring
378,281.026,334.322,260.51,306.642,375.958,247.711,145.062,365.573,464.691,258.191,112.917,419.717,517.901,305.849,226.775,423.419,Boring
379,281.026,334.322,260.51,306.642,375.958,247.711,145.062,365.573,464.691,258.191,112.917,419.717,517.901,305.849,226.775,423.419,Boring
380,269.876,330.241,278.411,304.341,390.285,264.625,166.537,344.057,437.421,330.368,119.048,424.003,421.362,366.829,221.126,421.766,Boring
381,272.405,324.657,277.506,285.008,382.927,247.979,172.084,322.036,447.991,294.517,105.163,397.894,401.619,354.796,220.814,401.416,Boring
382,272.405,324.657,277.506,285.008,382.927,247.979,172.084,322.036,447.991,294.517,105.163,397.894,401.619,354.796,220.814,401.416,Boring
383,254.848,337.95,302.56,281.045,396.99,232.144,208.13,329.947,507.74,259.951,191.456,386.953,523.046,311.939,230.382,415.506,Boring
384,242.952,340.124,305.329,289.943,408.625,251.834,202.033,328.051,495.692,313.674,194.435,380.777,472.534,361.966,236.412,407.811,Boring
385,263.215,334.37,300.84,278.758,391.437,227.422,210.243,330.094,480.835,263.195,172.425,394.405,480.182,314.575,240.337,397.396,Boring
386,263.215,334.37,300.84,278.758,391.437,227.422,210.243,330.094,480.835,263.195,172.425,394.405,480.182,314.575,240.337,397.396,Boring
387,261.607,333.525,292.796,295.75,395.065,248.248,190.527,343.251,496.336,249.425,153.437,409.257,480.147,306.115,225.672,392.368,Boring
388,266.345,338.548,299.097,292.5,405.308,247.078,192.887,337.922,487.216,305.326,151.448,408.705,480.278,349.961,229.179,407.959,Boring
389,251.861,336.551,286.372,294.595,383.521,245.708,189.224,343.483,467.222,279.559,154.323,419.105,448.288,320.804,234.277,404.379,Boring
390,251.861,336.551,286.372,294.595,383.521,245.708,189.224,343.483,467.222,279.559,154.323,419.105,448.288,320.804,234.277,404.379,Boring
391,262.498,336.477,295.656,274.347,380.758,210.691,210.555,338.002,474.915,206.542,193.61,400.242,516.195,298.126,248.357,405.45,Boring
392,270.55,333.048,281.186,285.834,381.953,246.695,180.419,324.972,480.461,268.239,152.943,406.8,483.809,325.387,241.615,401.69,Boring
393,249.896,320.361,241.213,285.166,336.244,266.093,146.183,304.239,358.273,311.893,108.734,392.152,349.521,320.595,222.172,397.988,Boring
394,249.896,320.361,241.213,285.166,336.244,266.093,146.183,304.239,358.273,311.893,108.734,392.152,349.521,320.595,222.172,397.988,Boring
395,263.379,323.035,258.702,297.881,380.505,258.144,136.9,337.618,457.731,336.401,47.056,419.374,399.602,356.262,217.295,406.098,Boring
396,258.968,321.306,254.143,303.225,378.71,267.182,129.576,339.268,437.727,339.909,76.698,454.667,371.391,353.789,210.354,416.669,Boring
397,258.968,321.306,254.143,303.225,378.71,267.182,129.576,339.268,437.727,339.909,76.698,454.667,371.391,353.789,210.354,416.669,Boring
398,257.602,318.21,261.999,313.357,396.865,304.966,127.134,321.748,433.683,438.669,44.773,420.589,289.5,413.317,218.531,415.185,Boring
399,253.975,312.739,275.174,303.355,418.966,285.101,131.383,321.609,456.937,445.841,63.587,428.864,295.131,409.323,212.672,402.864,Boring
400,259.708,308.508,259.455,298.946,388.715,259.753,130.195,338.14,470.999,370.662,90.172,489.455,367.177,386.037,213.618,421.11,Boring
401,259.708,308.508,259.455,298.946,388.715,259.753,130.195,338.14,470.999,370.662,90.172,489.455,367.177,386.037,213.618,421.11,Boring
402,256.608,312.674,264.831,293.848,398.836,253.547,130.827,334.15,432.48,338.862,78.889,459.34,360.204,353.673,221.114,413.57,Boring
403,253.449,309.435,262.008,287.993,392.366,254.273,131.65,321.713,455.817,366.421,53.808,465.823,324.064,366.909,209.902,404.202,Boring
404,253.449,309.435,262.008,287.993,392.366,254.273,131.65,321.713,455.817,366.421,53.808,465.823,324.064,366.909,209.902,404.202,Boring
405,250.495,320.318,273.108,297.995,411.018,267.831,135.199,328.159,461.444,389.807,82.093,462.154,351.1,385.527,204.565,405.322,Boring
406,262.339,310.902,245.844,296.493,364.518,269.917,127.169,323.069,386.435,364.803,46.508,426.191,304.768,356.498,223.012,409.224,Boring
407,256.674,320.972,216.777,285.955,325.651,257.006,107.903,314.904,347.623,337.99,78.469,442.429,298.819,366.033,234.188,412.415,Boring
408,256.674,320.972,216.777,285.955,325.651,257.006,107.903,314.904,347.623,337.99,78.469,442.429,298.819,366.033,234.188,412.415,Boring
409,283.226,309.671,282.618,273.266,387.43,245.155,177.806,301.376,455.093,313.045,117.699,402.498,461.217,348.988,243.438,398.28,Boring
410,290.231,323.875,315.5,279.131,385.092,236.968,245.909,321.294,422.157,283.408,192.452,393.038,410.197,305.02,254.313,382.14,Boring
413,271.854,333.44,277.524,286.506,418.006,306.731,137.043,266.281,412.007,467.233,29.571,416.16,199.53,439.418,240.089,399.162,Boring
414,274.89,324.033,286.732,279.493,431.9,301.498,141.565,257.489,413.659,488.337,36.456,411.923,196.245,440.908,239.659,399.63,Boring
415,274.724,333.787,279.501,285.323,417.981,304.471,141.021,266.175,417.228,486.287,36.642,385.333,221.547,446.195,228.004,390.518,Boring
